Region,,,EU27+UK,EU27+UK,EU27+UK,EU27+UK,EU27+UK
Level,,,Activity,Activity,Activity,Activity,Activity
Item,,,Production of photovoltaic plants,Production of onshore wind plants,Production of offshore wind plants,Production of electricity by wind,Production of electricity by solar photovoltaic
Region,Level,Item,,,,,
China,Activity,Activities auxiliary to financial intermediation (67),0.0,0.0,0.0,0.0,0.0
China,Activity,Activities of membership organisation n.e.c. (91),0.0,0.0,0.0,0.0,0.0
China,Activity,Air transport (62),0.0,0.0,0.0,0.0,0.0
China,Activity,Aluminium production,0.0,0.0,0.0,0.0,0.0
China,Activity,Animal products nec,0.0,0.0,0.0,0.0,0.0
China,Activity,"Biogasification of food waste, incl. land application",0.0,0.0,0.0,0.0,0.0
China,Activity,"Biogasification of paper, incl. land application",0.0,0.0,0.0,0.0,0.0
China,Activity,"Biogasification of sewage slugde, incl. land application",0.0,0.0,0.0,0.0,0.0
China,Activity,Casting of metals,0.0,0.0,0.0,0.0,0.0
China,Activity,Cattle farming,0.0,0.0,0.0,0.0,0.0
China,Activity,Chemicals nec,3.3113625234207112e-09,7.40332703378342e-10,4.533387382665733e-10,6.842517601214773e-11,3.6363436648484575e-11
China,Activity,"Collection, purification and distribution of water (41)",0.0,0.0,0.0,0.0,0.0
China,Activity,"Composting of food waste, incl. land application",0.0,0.0,0.0,0.0,0.0
China,Activity,"Composting of paper and wood, incl. land application",0.0,0.0,0.0,0.0,0.0
China,Activity,Computer and related activities (72),0.0,0.0,0.0,0.0,0.0
China,Activity,Construction (45),0.0,0.0,0.0,0.0,0.0
China,Activity,Copper production,0.0,0.0,0.0,0.0,0.0
China,Activity,Cultivation of cereal grains nec,0.0,0.0,0.0,0.0,0.0
China,Activity,Cultivation of crops nec,5.6047503732872355e-09,1.5844390274566587e-09,9.243731769055095e-10,7.885667174616831e-11,5.4292768805012065e-11
China,Activity,Cultivation of oil seeds,0.0,0.0,0.0,0.0,0.0
China,Activity,Cultivation of paddy rice,0.0,0.0,0.0,0.0,0.0
China,Activity,Cultivation of plant-based fibers,0.0,0.0,0.0,0.0,0.0
China,Activity,"Cultivation of sugar cane, sugar beet",0.0,0.0,0.0,0.0,0.0
China,Activity,"Cultivation of vegetables, fruit, nuts",0.0,0.0,0.0,0.0,0.0
China,Activity,Cultivation of wheat,0.0,0.0,0.0,0.0,0.0
China,Activity,Distribution and trade of electricity,0.0,0.0,0.0,0.0,0.0
China,Activity,Education (80),0.0,0.0,0.0,0.0,0.0
China,Activity,Extra-territorial organizations and bodies,0.0,0.0,0.0,0.0,0.0
China,Activity,"Extraction of crude petroleum and services related to crude oil extraction, excluding surveying",2.0587120880228943e-07,9.034090968761533e-08,5.0759389793874814e-08,4.445134441279332e-09,2.6741579175335993e-09
China,Activity,"Extraction of natural gas and services related to natural gas extraction, excluding surveying",2.8064967418944375e-08,2.165444207143393e-08,1.1718833756384003e-08,1.0520766276659356e-09,6.35244485811861e-10
China,Activity,"Extraction, liquefaction, and regasification of other petroleum and gaseous materials",0.0,0.0,0.0,0.0,0.0
China,Activity,"Financial intermediation, except insurance and pension funding (65)",0.0,0.0,0.0,0.0,0.0
China,Activity,"Fishing, operating of fish hatcheries and fish farms; service activities incidental to fishing (05)",0.0,0.0,0.0,0.0,0.0
China,Activity,"Forestry, logging and related service activities (02)",6.316768530637094e-09,2.5991563637929e-09,1.473208620146304e-09,1.53498911644478e-10,9.369416510530248e-11
China,Activity,Health and social work (85),0.0,0.0,0.0,0.0,0.0
China,Activity,Hotels and restaurants (55),0.0,0.0,0.0,0.0,0.0
China,Activity,Incineration of waste: Food,0.0,0.0,0.0,0.0,0.0
China,Activity,Incineration of waste: Metals and Inert materials,2.592653272560297e-09,4.3313729539330283e-10,2.8739793899475236e-10,4.175193194967039e-11,3.052589850771078e-11
China,Activity,Incineration of waste: Oil/Hazardous waste,3.749890972333952e-09,5.68687667410312e-10,3.3826666854873014e-10,3.7646057996569074e-11,2.6159403542075778e-11
China,Activity,Incineration of waste: Paper,0.0,0.0,0.0,0.0,0.0
China,Activity,Incineration of waste: Plastic,2.608922047594324e-09,4.5465671664314316e-10,2.600155342148644e-10,2.1339303043632775e-11,1.581482334979028e-11
China,Activity,Incineration of waste: Textiles,2.9160910708949015e-09,4.901174128515106e-10,2.7715565885154627e-10,2.0885731781037443e-11,1.7664301804902004e-11
China,Activity,Incineration of waste: Wood,0.0,0.0,0.0,0.0,0.0
China,Activity,Inland water transport,0.0,0.0,0.0,0.0,0.0
China,Activity,"Insurance and pension funding, except compulsory social security (66)",0.0,0.0,0.0,0.0,0.0
China,Activity,Landfill of waste: Food,0.0,0.0,0.0,0.0,0.0
China,Activity,Landfill of waste: Inert/metal/hazardous,0.0,0.0,0.0,0.0,0.0
China,Activity,Landfill of waste: Paper,0.0,0.0,0.0,0.0,0.0
China,Activity,Landfill of waste: Plastic,0.0,0.0,0.0,0.0,0.0
China,Activity,Landfill of waste: Textiles,0.0,0.0,0.0,0.0,0.0
China,Activity,Landfill of waste: Wood,0.0,0.0,0.0,0.0,0.0
China,Activity,"Lead, zinc and tin production",0.0,0.0,0.0,0.0,0.0
China,Activity,Manufacture of basic iron and steel and of ferro-alloys and first products thereof,3.956394320723061e-08,1.1597838361554237e-07,5.553267818643334e-08,2.368672476775179e-09,1.3949520089973184e-09
China,Activity,Manufacture of beverages,0.0,0.0,0.0,0.0,0.0
China,Activity,"Manufacture of bricks, tiles and construction products, in baked clay",0.0,0.0,0.0,0.0,0.0
China,Activity,"Manufacture of cement, lime and plaster",0.0,0.0,0.0,0.0,0.0
China,Activity,Manufacture of ceramic goods,0.0,0.0,0.0,0.0,0.0
China,Activity,Manufacture of coke oven products,3.080467127071953e-07,3.792121905737498e-07,1.9534874323586125e-07,9.485769563236713e-09,5.593423249549433e-09
China,Activity,Manufacture of electrical machinery and apparatus n.e.c. (31),0.0,0.0,0.0,0.0,0.0
China,Activity,"Manufacture of fabricated metal products, except machinery and equipment (28)",0.0,0.0,0.0,0.0,0.0
China,Activity,Manufacture of fish products,0.0,0.0,0.0,0.0,0.0
China,Activity,Manufacture of furniture; manufacturing n.e.c. (36),0.0,0.0,0.0,0.0,0.0
China,Activity,Manufacture of gas; distribution of gaseous fuels through mains,4.476966441708133e-08,1.652389205034592e-08,8.113625313030739e-09,4.068748025626222e-10,2.5689910462267335e-10
China,Activity,Manufacture of glass and glass products,0.0,0.0,0.0,0.0,0.0
China,Activity,Manufacture of machinery and equipment n.e.c. (29),0.0,0.0,0.0,0.0,0.0
China,Activity,"Manufacture of medical, precision and optical instruments, watches and clocks (33)",0.0,0.0,0.0,0.0,0.0
China,Activity,"Manufacture of motor vehicles, trailers and semi-trailers (34)",0.0,0.0,0.0,0.0,0.0
China,Activity,Manufacture of office machinery and computers (30),0.0,0.0,0.0,0.0,0.0
China,Activity,Manufacture of other non-metallic mineral products n.e.c.,0.0,0.0,0.0,0.0,0.0
China,Activity,Manufacture of other transport equipment (35),0.0,0.0,0.0,0.0,0.0
China,Activity,"Manufacture of radio, television and communication equipment and apparatus (32)",0.0,0.0,0.0,0.0,0.0
China,Activity,Manufacture of rubber and plastic products (25),0.0,0.0,0.0,0.0,0.0
China,Activity,Manufacture of textiles (17),0.0,0.0,0.0,0.0,0.0
China,Activity,Manufacture of tobacco products (16),0.0,0.0,0.0,0.0,0.0
China,Activity,Manufacture of wearing apparel; dressing and dyeing of fur (18),0.0,0.0,0.0,0.0,0.0
China,Activity,"Manufacture of wood and of products of wood and cork, except furniture; manufacture of articles of straw and plaiting materials (20)",0.0,0.0,0.0,0.0,0.0
China,Activity,"Manure treatment (biogas), storage and land application",0.0,0.0,0.0,0.0,0.0
China,Activity,"Manure treatment (conventional), storage and land application",0.0,0.0,0.0,0.0,0.0
China,Activity,Meat animals nec,0.0,0.0,0.0,0.0,0.0
China,Activity,Mining of aluminium ores and concentrates,0.0,0.0,0.0,0.0,0.0
China,Activity,"Mining of chemical and fertilizer minerals, production of salt, other mining and quarrying n.e.c.",0.0,0.0,0.0,0.0,0.0
China,Activity,Mining of coal and lignite; extraction of peat (10),8.869812961771572e-06,1.113743924377112e-06,6.019548970612435e-07,3.131956025106489e-08,1.9701435291950147e-08
China,Activity,Mining of copper ores and concentrates,0.0,0.0,0.0,0.0,0.0
China,Activity,Mining of iron ores,0.0,0.0,0.0,0.0,0.0
China,Activity,"Mining of lead, zinc and tin ores and concentrates",0.0,0.0,0.0,0.0,0.0
China,Activity,Mining of nickel ores and concentrates,0.0,0.0,0.0,0.0,0.0
China,Activity,Mining of other non-ferrous metal ores and concentrates,0.0,0.0,0.0,0.0,0.0
China,Activity,Mining of precious metal ores and concentrates,0.0,0.0,0.0,0.0,0.0
China,Activity,Mining of uranium and thorium ores (12),6.440452442298603e-09,7.4098582459855884e-09,3.7214399569488617e-09,3.063709202707522e-10,1.8621403577744972e-10
China,Activity,N-fertiliser,0.0,0.0,0.0,0.0,0.0
China,Activity,Other business activities (74),0.0,0.0,0.0,0.0,0.0
China,Activity,Other land transport,0.0,0.0,0.0,0.0,0.0
China,Activity,Other non-ferrous metal production,0.0,0.0,0.0,0.0,0.0
China,Activity,Other service activities (93),0.0,0.0,0.0,0.0,0.0
China,Activity,P- and other fertiliser,0.0,0.0,0.0,0.0,0.0
China,Activity,Paper,0.0,0.0,0.0,0.0,0.0
China,Activity,Petroleum Refinery,5.128971545170545e-07,2.3274597162506234e-07,1.3141107230668083e-07,1.1341745314259972e-08,6.970528746419476e-09
China,Activity,Pigs farming,0.0,0.0,0.0,0.0,0.0
China,Activity,"Plastics, basic",0.0,0.0,0.0,0.0,0.0
China,Activity,Post and telecommunications (64),0.0,0.0,0.0,0.0,0.0
China,Activity,Poultry farming,0.0,0.0,0.0,0.0,0.0
China,Activity,Precious metals production,0.0,0.0,0.0,0.0,0.0
China,Activity,Private households with employed persons (95),0.0,0.0,0.0,0.0,0.0
China,Activity,Processed rice,0.0,0.0,0.0,0.0,0.0
China,Activity,Processing of Food products nec,9.135271525495055e-08,2.0873510462384875e-08,1.1934121687601415e-08,8.272687885526605e-10,7.736506193084603e-10
China,Activity,Processing of dairy products,0.0,0.0,0.0,0.0,0.0
China,Activity,Processing of meat cattle,0.0,0.0,0.0,0.0,0.0
China,Activity,Processing of meat pigs,0.0,0.0,0.0,0.0,0.0
China,Activity,Processing of meat poultry,0.0,0.0,0.0,0.0,0.0
China,Activity,Processing of nuclear fuel,1.9688541813772654e-08,1.7444136107363363e-08,1.045947900229551e-08,1.1046625486394516e-09,7.416386119254838e-10
China,Activity,Processing vegetable oils and fats,0.0,0.0,0.0,0.0,0.0
China,Activity,Production of electricity by Geothermal,4.7543551162173534e-11,4.8808441671267265e-12,2.6228550909481706e-12,1.4209799415350684e-13,8.953361299107484e-14
China,Activity,Production of electricity by biomass and waste,0.0,0.0,0.0,0.0,0.0
China,Activity,Production of electricity by coal,2.2016276259658763e-06,1.413400677651738e-07,8.191105142996791e-08,4.029801757935863e-09,2.5537913487948956e-09
China,Activity,Production of electricity by gas,1.7578904833029187e-07,5.7908047351766655e-09,3.3937862217579654e-09,1.6687232979925805e-10,1.0714639248371565e-10
China,Activity,Production of electricity by hydro,7.586008540873631e-07,3.605895553422607e-08,2.1019522134453976e-08,1.2462187700704927e-09,7.569591967503615e-10
China,Activity,Production of electricity by nuclear,2.1357166209981684e-07,6.850912294805584e-09,3.8967641334332385e-09,2.2984706909504535e-10,1.4049568915354234e-10
China,Activity,Production of electricity by petroleum and other oil derivatives,4.919995725371612e-10,8.389388190696411e-11,4.4525671810920486e-11,2.7899661946234968e-12,1.6666125101913439e-12
China,Activity,Production of electricity by solar photovoltaic,2.218799194505943e-05,1.3320597139546552e-09,9.454436140323127e-10,5.457447021990728e-11,5.4442368137560845e-11
China,Activity,Production of electricity by solar thermal,5.2292648159884865e-09,1.3845766090293715e-12,7.47005323368885e-13,4.541722041461441e-14,2.7803789962644926e-14
China,Activity,"Production of electricity by tide, wave, ocean",2.7916032935280793e-12,4.090659102841591e-13,2.2069922331098028e-13,1.341861446519265e-14,8.214663852063408e-15
China,Activity,Production of electricity by wind,3.7574989370213015e-06,7.061770078017673e-09,4.5196153598279735e-09,2.7468547801991086e-10,2.14521123662846e-10
China,Activity,Production of electricity nec,0.0,0.0,0.0,0.0,0.0
China,Activity,Production of meat products nec,0.0,0.0,0.0,0.0,0.0
China,Activity,Production of offshore wind plants,0.0,0.0,0.0,0.0,0.0
China,Activity,Production of onshore wind plants,0.0,0.0,0.0,0.0,0.0
China,Activity,Production of photovoltaic plants,0.0,0.0,0.0,0.0,0.0
China,Activity,Public administration and defence; compulsory social security (75),0.0,0.0,0.0,0.0,0.0
China,Activity,"Publishing, printing and reproduction of recorded media (22)",0.0,0.0,0.0,0.0,0.0
China,Activity,Pulp,2.478264618784194e-10,9.91316699311936e-11,5.7506327642362527e-11,7.251386944588638e-12,4.426940395643927e-12
China,Activity,Quarrying of sand and clay,0.0,0.0,0.0,0.0,0.0
China,Activity,Quarrying of stone,0.0,0.0,0.0,0.0,0.0
China,Activity,Raw milk,0.0,0.0,0.0,0.0,0.0
China,Activity,Re-processing of ash into clinker,0.0,0.0,0.0,0.0,0.0
China,Activity,Re-processing of secondary aluminium into new aluminium,0.0,0.0,0.0,0.0,0.0
China,Activity,Re-processing of secondary construction material into aggregates,0.0,0.0,0.0,0.0,0.0
China,Activity,Re-processing of secondary copper into new copper,0.0,0.0,0.0,0.0,0.0
China,Activity,Re-processing of secondary glass into new glass,0.0,0.0,0.0,0.0,0.0
China,Activity,"Re-processing of secondary lead into new lead, zinc and tin",0.0,0.0,0.0,0.0,0.0
China,Activity,Re-processing of secondary other non-ferrous metals into new other non-ferrous metals,0.0,0.0,0.0,0.0,0.0
China,Activity,Re-processing of secondary paper into new pulp,2.0542061803869674e-07,6.399758019322845e-10,3.452796650430011e-10,2.0993122379118054e-11,1.2851661241390407e-11
China,Activity,Re-processing of secondary plastic into new plastic,0.0,0.0,0.0,0.0,0.0
China,Activity,Re-processing of secondary preciuos metals into new preciuos metals,0.0,0.0,0.0,0.0,0.0
China,Activity,Re-processing of secondary steel into new steel,0.0,0.0,0.0,0.0,0.0
China,Activity,Re-processing of secondary wood material into new wood material,0.0,0.0,0.0,0.0,0.0
China,Activity,Real estate activities (70),0.0,0.0,0.0,0.0,0.0
China,Activity,"Recreational, cultural and sporting activities (92)",0.0,0.0,0.0,0.0,0.0
China,Activity,Recycling of bottles by direct reuse,0.0,0.0,0.0,0.0,0.0
China,Activity,Recycling of waste and scrap,0.0,0.0,0.0,0.0,0.0
China,Activity,Renting of machinery and equipment without operator and of personal and household goods (71),0.0,0.0,0.0,0.0,0.0
China,Activity,Research and development (73),0.0,0.0,0.0,0.0,0.0
China,Activity,Retail sale of automotive fuel,0.0,0.0,0.0,0.0,0.0
China,Activity,"Retail trade, except of motor vehicles and motorcycles; repair of personal and household goods (52)",0.0,0.0,0.0,0.0,0.0
China,Activity,"Sale, maintenance, repair of motor vehicles, motor vehicles parts, motorcycles, motor cycles parts and accessoiries",0.0,0.0,0.0,0.0,0.0
China,Activity,Sea and coastal water transport,0.0,0.0,0.0,0.0,0.0
China,Activity,Steam and hot water supply,7.679740019136206e-08,3.010693048579701e-08,1.503778371188346e-08,8.776768323798715e-10,5.700904820597932e-10
China,Activity,Sugar refining,9.906168241286184e-10,2.9008582324156187e-10,1.5874407116743453e-10,1.0350861905052112e-11,8.641009120387459e-12
China,Activity,Supporting and auxiliary transport activities; activities of travel agencies (63),0.0,0.0,0.0,0.0,0.0
China,Activity,"Tanning and dressing of leather; manufacture of luggage, handbags, saddlery, harness and footwear (19)",0.0,0.0,0.0,0.0,0.0
China,Activity,Transmission of electricity,0.0,0.0,0.0,0.0,0.0
China,Activity,Transport via pipelines,0.0,0.0,0.0,0.0,0.0
China,Activity,Transport via railways,0.0,0.0,0.0,0.0,0.0
China,Activity,"Waste water treatment, food",0.0,0.0,0.0,0.0,0.0
China,Activity,"Waste water treatment, other",0.0,0.0,0.0,0.0,0.0
China,Activity,"Wholesale trade and commission trade, except of motor vehicles and motorcycles (51)",0.0,0.0,0.0,0.0,0.0
China,Activity,"Wool, silk-worm cocoons",0.0,0.0,0.0,0.0,0.0
EU27+UK,Activity,Activities auxiliary to financial intermediation (67),0.0,0.0,0.0,0.0,0.0
EU27+UK,Activity,Activities of membership organisation n.e.c. (91),0.0,0.0,0.0,0.0,0.0
EU27+UK,Activity,Air transport (62),0.0,0.0,0.0,0.0,0.0
EU27+UK,Activity,Aluminium production,0.0,0.0,0.0,0.0,0.0
EU27+UK,Activity,Animal products nec,0.0,0.0,0.0,0.0,0.0
EU27+UK,Activity,"Biogasification of food waste, incl. land application",0.0,0.0,0.0,0.0,0.0
EU27+UK,Activity,"Biogasification of paper, incl. land application",0.0,0.0,0.0,0.0,0.0
EU27+UK,Activity,"Biogasification of sewage slugde, incl. land application",0.0,0.0,0.0,0.0,0.0
EU27+UK,Activity,Casting of metals,0.0,0.0,0.0,0.0,0.0
EU27+UK,Activity,Cattle farming,0.0,0.0,0.0,0.0,0.0
EU27+UK,Activity,Chemicals nec,2.0854227045365446e-08,2.114944148120206e-07,1.5318657340549079e-07,1.0593374296653458e-08,4.621593717767444e-09
EU27+UK,Activity,"Collection, purification and distribution of water (41)",0.0,0.0,0.0,0.0,0.0
EU27+UK,Activity,"Composting of food waste, incl. land application",0.0,0.0,0.0,0.0,0.0
EU27+UK,Activity,"Composting of paper and wood, incl. land application",0.0,0.0,0.0,0.0,0.0
EU27+UK,Activity,Computer and related activities (72),0.0,0.0,0.0,0.0,0.0
EU27+UK,Activity,Construction (45),0.0,0.0,0.0,0.0,0.0
EU27+UK,Activity,Copper production,0.0,0.0,0.0,0.0,0.0
EU27+UK,Activity,Cultivation of cereal grains nec,0.0,0.0,0.0,0.0,0.0
EU27+UK,Activity,Cultivation of crops nec,4.965530991884359e-10,3.569833380731522e-10,4.5003883658734927e-10,1.4331826291334499e-10,1.1897547101809237e-10
EU27+UK,Activity,Cultivation of oil seeds,0.0,0.0,0.0,0.0,0.0
EU27+UK,Activity,Cultivation of paddy rice,0.0,0.0,0.0,0.0,0.0
EU27+UK,Activity,Cultivation of plant-based fibers,0.0,0.0,0.0,0.0,0.0
EU27+UK,Activity,"Cultivation of sugar cane, sugar beet",0.0,0.0,0.0,0.0,0.0
EU27+UK,Activity,"Cultivation of vegetables, fruit, nuts",0.0,0.0,0.0,0.0,0.0
EU27+UK,Activity,Cultivation of wheat,0.0,0.0,0.0,0.0,0.0
EU27+UK,Activity,Distribution and trade of electricity,0.0,0.0,0.0,0.0,0.0
EU27+UK,Activity,Education (80),0.0,0.0,0.0,0.0,0.0
EU27+UK,Activity,Extra-territorial organizations and bodies,0.0,0.0,0.0,0.0,0.0
EU27+UK,Activity,"Extraction of crude petroleum and services related to crude oil extraction, excluding surveying",1.3178938944481557e-07,9.210800458961771e-08,9.941230137566983e-08,2.933622310866328e-07,1.6163596275359283e-07
EU27+UK,Activity,"Extraction of natural gas and services related to natural gas extraction, excluding surveying",1.7597550591660407e-07,1.4680284823414293e-07,1.4464839889322952e-07,1.6665595066716583e-07,9.316462606040148e-08
EU27+UK,Activity,"Extraction, liquefaction, and regasification of other petroleum and gaseous materials",5.922328112439482e-09,1.3116135798643254e-09,1.4709223259208055e-09,1.5064191404597476e-09,8.439148459353415e-10
EU27+UK,Activity,"Financial intermediation, except insurance and pension funding (65)",0.0,0.0,0.0,0.0,0.0
EU27+UK,Activity,"Fishing, operating of fish hatcheries and fish farms; service activities incidental to fishing (05)",0.0,0.0,0.0,0.0,0.0
EU27+UK,Activity,"Forestry, logging and related service activities (02)",1.6425403407900557e-08,1.2957127535789558e-08,1.591009249977597e-08,3.7259544470732225e-09,2.6350730386178465e-09
EU27+UK,Activity,Health and social work (85),0.0,0.0,0.0,0.0,0.0
EU27+UK,Activity,Hotels and restaurants (55),0.0,0.0,0.0,0.0,0.0
EU27+UK,Activity,Incineration of waste: Food,8.363126045691113e-09,6.772500372286028e-09,7.0664010798186665e-09,2.9699385434258085e-09,1.437270172834403e-09
EU27+UK,Activity,Incineration of waste: Metals and Inert materials,1.0856545873228467e-08,1.2933370239085918e-08,1.4446847601126056e-08,8.29330604229048e-09,3.061889009380537e-09
EU27+UK,Activity,Incineration of waste: Oil/Hazardous waste,2.3161767660853467e-09,1.8522633956541494e-09,1.954797681736639e-09,8.077191620918509e-10,3.929194817139405e-10
EU27+UK,Activity,Incineration of waste: Paper,1.974457631249188e-08,1.677779480433162e-08,1.7374079143412918e-08,7.163577603429295e-09,3.645437132444889e-09
EU27+UK,Activity,Incineration of waste: Plastic,4.923384023226573e-09,5.408850568985933e-09,5.670367935210817e-09,3.186555258817624e-09,1.3567716942341375e-09
EU27+UK,Activity,Incineration of waste: Textiles,2.1796640327801795e-09,2.437940301929752e-09,2.5064453154576895e-09,9.490490821967373e-10,4.898422684276045e-10
EU27+UK,Activity,Incineration of waste: Wood,5.033748135279058e-09,4.190596748153161e-09,4.359625052866681e-09,1.751997152198368e-09,9.292621623119683e-10
EU27+UK,Activity,Inland water transport,0.0,0.0,0.0,0.0,0.0
EU27+UK,Activity,"Insurance and pension funding, except compulsory social security (66)",0.0,0.0,0.0,0.0,0.0
EU27+UK,Activity,Landfill of waste: Food,0.0,0.0,0.0,0.0,0.0
EU27+UK,Activity,Landfill of waste: Inert/metal/hazardous,0.0,0.0,0.0,0.0,0.0
EU27+UK,Activity,Landfill of waste: Paper,0.0,0.0,0.0,0.0,0.0
EU27+UK,Activity,Landfill of waste: Plastic,0.0,0.0,0.0,0.0,0.0
EU27+UK,Activity,Landfill of waste: Textiles,0.0,0.0,0.0,0.0,0.0
EU27+UK,Activity,Landfill of waste: Wood,0.0,0.0,0.0,0.0,0.0
EU27+UK,Activity,"Lead, zinc and tin production",0.0,0.0,0.0,0.0,0.0
EU27+UK,Activity,Manufacture of basic iron and steel and of ferro-alloys and first products thereof,2.9170812182098898e-08,9.755060300963193e-08,9.149062805622955e-08,1.1144510602638714e-08,7.432657811042809e-09
EU27+UK,Activity,Manufacture of beverages,0.0,0.0,0.0,0.0,0.0
EU27+UK,Activity,"Manufacture of bricks, tiles and construction products, in baked clay",0.0,0.0,0.0,0.0,0.0
EU27+UK,Activity,"Manufacture of cement, lime and plaster",0.0,0.0,0.0,0.0,0.0
EU27+UK,Activity,Manufacture of ceramic goods,0.0,0.0,0.0,0.0,0.0
EU27+UK,Activity,Manufacture of coke oven products,1.0601341686390323e-07,1.993855545146896e-07,1.8905786546270086e-07,2.722667950106572e-08,1.910776146466148e-08
EU27+UK,Activity,Manufacture of electrical machinery and apparatus n.e.c. (31),0.0,0.0,0.0,0.0,0.0
EU27+UK,Activity,"Manufacture of fabricated metal products, except machinery and equipment (28)",0.0,0.0,0.0,0.0,0.0
EU27+UK,Activity,Manufacture of fish products,0.0,0.0,0.0,0.0,0.0
EU27+UK,Activity,Manufacture of furniture; manufacturing n.e.c. (36),0.0,0.0,0.0,0.0,0.0
EU27+UK,Activity,Manufacture of gas; distribution of gaseous fuels through mains,1.4894683896599694e-07,5.734339914849707e-08,6.009721539928909e-08,5.610166369452316e-07,3.3365986045789575e-07
EU27+UK,Activity,Manufacture of glass and glass products,0.0,0.0,0.0,0.0,0.0
EU27+UK,Activity,Manufacture of machinery and equipment n.e.c. (29),0.0,0.0,0.0,0.0,0.0
EU27+UK,Activity,"Manufacture of medical, precision and optical instruments, watches and clocks (33)",0.0,0.0,0.0,0.0,0.0
EU27+UK,Activity,"Manufacture of motor vehicles, trailers and semi-trailers (34)",0.0,0.0,0.0,0.0,0.0
EU27+UK,Activity,Manufacture of office machinery and computers (30),0.0,0.0,0.0,0.0,0.0
EU27+UK,Activity,Manufacture of other non-metallic mineral products n.e.c.,0.0,0.0,0.0,0.0,0.0
EU27+UK,Activity,Manufacture of other transport equipment (35),0.0,0.0,0.0,0.0,0.0
EU27+UK,Activity,"Manufacture of radio, television and communication equipment and apparatus (32)",0.0,0.0,0.0,0.0,0.0
EU27+UK,Activity,Manufacture of rubber and plastic products (25),0.0,0.0,0.0,0.0,0.0
EU27+UK,Activity,Manufacture of textiles (17),0.0,0.0,0.0,0.0,0.0
EU27+UK,Activity,Manufacture of tobacco products (16),0.0,0.0,0.0,0.0,0.0
EU27+UK,Activity,Manufacture of wearing apparel; dressing and dyeing of fur (18),0.0,0.0,0.0,0.0,0.0
EU27+UK,Activity,"Manufacture of wood and of products of wood and cork, except furniture; manufacture of articles of straw and plaiting materials (20)",6.546524959738619e-11,5.300108919124368e-11,6.820837990777723e-11,1.350359016977246e-11,9.807749451511955e-12
EU27+UK,Activity,"Manure treatment (biogas), storage and land application",0.0,0.0,0.0,0.0,0.0
EU27+UK,Activity,"Manure treatment (conventional), storage and land application",0.0,0.0,0.0,0.0,0.0
EU27+UK,Activity,Meat animals nec,0.0,0.0,0.0,0.0,0.0
EU27+UK,Activity,Mining of aluminium ores and concentrates,0.0,0.0,0.0,0.0,0.0
EU27+UK,Activity,"Mining of chemical and fertilizer minerals, production of salt, other mining and quarrying n.e.c.",0.0,0.0,0.0,0.0,0.0
EU27+UK,Activity,Mining of coal and lignite; extraction of peat (10),1.2295648460143026e-06,3.349868123650244e-07,3.510682075892594e-07,1.846944625681275e-07,1.1136448841345661e-07
EU27+UK,Activity,Mining of copper ores and concentrates,0.0,0.0,0.0,0.0,0.0
EU27+UK,Activity,Mining of iron ores,0.0,0.0,0.0,0.0,0.0
EU27+UK,Activity,"Mining of lead, zinc and tin ores and concentrates",0.0,0.0,0.0,0.0,0.0
EU27+UK,Activity,Mining of nickel ores and concentrates,0.0,0.0,0.0,0.0,0.0
EU27+UK,Activity,Mining of other non-ferrous metal ores and concentrates,0.0,0.0,0.0,0.0,0.0
EU27+UK,Activity,Mining of precious metal ores and concentrates,0.0,0.0,0.0,0.0,0.0
EU27+UK,Activity,Mining of uranium and thorium ores (12),1.1609050177157665e-08,7.094000708918315e-09,7.354148837520121e-09,3.4912585119339305e-08,2.077239778400017e-08
EU27+UK,Activity,N-fertiliser,0.0,0.0,0.0,0.0,0.0
EU27+UK,Activity,Other business activities (74),0.0,0.0,0.0,0.0,0.0
EU27+UK,Activity,Other land transport,0.0,0.0,0.0,0.0,0.0
EU27+UK,Activity,Other non-ferrous metal production,0.0,0.0,0.0,0.0,0.0
EU27+UK,Activity,Other service activities (93),0.0,0.0,0.0,0.0,0.0
EU27+UK,Activity,P- and other fertiliser,0.0,0.0,0.0,0.0,0.0
EU27+UK,Activity,Paper,0.0,0.0,0.0,0.0,0.0
EU27+UK,Activity,Petroleum Refinery,5.976283374495702e-07,6.061119512396709e-07,7.380007021206887e-07,8.578656101128924e-07,2.717538020922956e-07
EU27+UK,Activity,Pigs farming,0.0,0.0,0.0,0.0,0.0
EU27+UK,Activity,"Plastics, basic",1.6935419547852672e-08,3.5577761065398014e-08,3.275627059996876e-08,7.690164375722495e-09,4.502271172533411e-09
EU27+UK,Activity,Post and telecommunications (64),0.0,0.0,0.0,0.0,0.0
EU27+UK,Activity,Poultry farming,0.0,0.0,0.0,0.0,0.0
EU27+UK,Activity,Precious metals production,0.0,0.0,0.0,0.0,0.0
EU27+UK,Activity,Private households with employed persons (95),0.0,0.0,0.0,0.0,0.0
EU27+UK,Activity,Processed rice,0.0,0.0,0.0,0.0,0.0
EU27+UK,Activity,Processing of Food products nec,8.858283371673647e-09,2.0710048758240588e-08,2.091025619789985e-08,3.7664948195023415e-09,2.995700210689036e-09
EU27+UK,Activity,Processing of dairy products,0.0,0.0,0.0,0.0,0.0
EU27+UK,Activity,Processing of meat cattle,0.0,0.0,0.0,0.0,0.0
EU27+UK,Activity,Processing of meat pigs,0.0,0.0,0.0,0.0,0.0
EU27+UK,Activity,Processing of meat poultry,0.0,0.0,0.0,0.0,0.0
EU27+UK,Activity,Processing of nuclear fuel,1.1872151896021977e-07,1.2220689381397636e-07,1.1044694247115771e-07,3.211685236597854e-08,2.3968832079398222e-08
EU27+UK,Activity,Processing vegetable oils and fats,0.0,0.0,0.0,0.0,0.0
EU27+UK,Activity,Production of electricity by Geothermal,2.134796233112901e-08,1.6759062207381935e-09,1.7243453738736134e-09,2.753606768539127e-10,2.2758064417055835e-10
EU27+UK,Activity,Production of electricity by biomass and waste,1.3536851655417333e-07,1.1460482589956143e-08,1.1761702579346037e-08,6.129680072738311e-09,3.789931006299722e-09
EU27+UK,Activity,Production of electricity by coal,7.335377352577211e-07,1.0983968474026202e-07,1.1344073446541851e-07,6.23360289803497e-08,3.905192225827483e-08
EU27+UK,Activity,Production of electricity by gas,2.8327606706271237e-07,4.526115905176036e-08,4.6643401433802565e-08,3.6509984031543026e-08,2.2714244087350364e-08
EU27+UK,Activity,Production of electricity by hydro,1.0272439562558638e-06,5.8502079337074795e-08,6.18459810778663e-08,8.144737423734998e-08,4.9777503859595195e-08
EU27+UK,Activity,Production of electricity by nuclear,1.3706533776537803e-06,1.3787742356355745e-07,1.3977050201676237e-07,7.433244194152375e-08,4.6634201627586994e-08
EU27+UK,Activity,Production of electricity by petroleum and other oil derivatives,2.341518479230985e-08,5.669918461087766e-09,5.846194512151151e-09,4.945718257569642e-09,3.1594666871529663e-09
EU27+UK,Activity,Production of electricity by solar photovoltaic,3.7235011324855713e-06,7.64997897341191e-08,7.613518940820832e-08,1.2631934534843257e-08,0.0011580196704748696
EU27+UK,Activity,Production of electricity by solar thermal,4.551370996505499e-08,6.827334541786043e-10,8.079480340453268e-10,1.0362795330267311e-10,7.595398046144854e-11
EU27+UK,Activity,"Production of electricity by tide, wave, ocean",2.7560497192724834e-10,4.01485718855264e-11,3.953700663962713e-11,2.2994381958907266e-11,1.3076177909486492e-11
EU27+UK,Activity,Production of electricity by wind,1.6880554387426712e-06,8.543471334974614e-08,8.858063842027509e-08,0.00011005776919478247,4.709339295708736e-08
EU27+UK,Activity,Production of electricity nec,1.5954752802304593e-10,8.732687134916288e-11,9.106210163088041e-11,4.608977896820353e-11,3.080248718776153e-11
EU27+UK,Activity,Production of meat products nec,0.0,0.0,0.0,0.0,0.0
EU27+UK,Activity,Production of offshore wind plants,0.0,0.0,0.0,0.0,0.0
EU27+UK,Activity,Production of onshore wind plants,0.0,0.0,0.0,0.0,0.0
EU27+UK,Activity,Production of photovoltaic plants,0.0,0.0,0.0,0.0,0.0
EU27+UK,Activity,Public administration and defence; compulsory social security (75),0.0,0.0,0.0,0.0,0.0
EU27+UK,Activity,"Publishing, printing and reproduction of recorded media (22)",0.0,0.0,0.0,0.0,0.0
EU27+UK,Activity,Pulp,7.615635764897967e-09,1.1688644463970595e-08,1.077791658187598e-08,3.556229609919597e-09,2.1140610231037786e-09
EU27+UK,Activity,Quarrying of sand and clay,0.0,0.0,0.0,0.0,0.0
EU27+UK,Activity,Quarrying of stone,0.0,0.0,0.0,0.0,0.0
EU27+UK,Activity,Raw milk,0.0,0.0,0.0,0.0,0.0
EU27+UK,Activity,Re-processing of ash into clinker,0.0,0.0,0.0,0.0,0.0
EU27+UK,Activity,Re-processing of secondary aluminium into new aluminium,0.0,0.0,0.0,0.0,0.0
EU27+UK,Activity,Re-processing of secondary construction material into aggregates,0.0,0.0,0.0,0.0,0.0
EU27+UK,Activity,Re-processing of secondary copper into new copper,0.0,0.0,0.0,0.0,0.0
EU27+UK,Activity,Re-processing of secondary glass into new glass,0.0,0.0,0.0,0.0,0.0
EU27+UK,Activity,"Re-processing of secondary lead into new lead, zinc and tin",0.0,0.0,0.0,0.0,0.0
EU27+UK,Activity,Re-processing of secondary other non-ferrous metals into new other non-ferrous metals,0.0,0.0,0.0,0.0,0.0
EU27+UK,Activity,Re-processing of secondary paper into new pulp,7.033434504344508e-09,1.2340061619934452e-08,1.1379087103256125e-08,3.651093755171452e-09,2.1042709854063624e-09
EU27+UK,Activity,Re-processing of secondary plastic into new plastic,0.0,0.0,0.0,0.0,0.0
EU27+UK,Activity,Re-processing of secondary preciuos metals into new preciuos metals,0.0,0.0,0.0,0.0,0.0
EU27+UK,Activity,Re-processing of secondary steel into new steel,0.0,0.0,0.0,0.0,0.0
EU27+UK,Activity,Re-processing of secondary wood material into new wood material,1.1837423642807268e-08,9.900892746302976e-09,1.2595439990438124e-08,2.457680447787845e-09,1.7822631069558124e-09
EU27+UK,Activity,Real estate activities (70),0.0,0.0,0.0,0.0,0.0
EU27+UK,Activity,"Recreational, cultural and sporting activities (92)",0.0,0.0,0.0,0.0,0.0
EU27+UK,Activity,Recycling of bottles by direct reuse,0.0,0.0,0.0,0.0,0.0
EU27+UK,Activity,Recycling of waste and scrap,0.0,0.0,0.0,0.0,0.0
EU27+UK,Activity,Renting of machinery and equipment without operator and of personal and household goods (71),0.0,0.0,0.0,0.0,0.0
EU27+UK,Activity,Research and development (73),0.0,0.0,0.0,0.0,0.0
EU27+UK,Activity,Retail sale of automotive fuel,0.0,0.0,0.0,0.0,0.0
EU27+UK,Activity,"Retail trade, except of motor vehicles and motorcycles; repair of personal and household goods (52)",0.0,0.0,0.0,0.0,0.0
EU27+UK,Activity,"Sale, maintenance, repair of motor vehicles, motor vehicles parts, motorcycles, motor cycles parts and accessoiries",0.0,0.0,0.0,0.0,0.0
EU27+UK,Activity,Sea and coastal water transport,0.0,0.0,0.0,0.0,0.0
EU27+UK,Activity,Steam and hot water supply,1.294142536912518e-07,1.5190916888392834e-07,1.4901718744364685e-07,9.783364297685918e-08,5.302639451701633e-08
EU27+UK,Activity,Sugar refining,2.4795686548887794e-10,4.81720824249764e-10,4.760698763131383e-10,1.351903896387759e-10,1.572633099343343e-10
EU27+UK,Activity,Supporting and auxiliary transport activities; activities of travel agencies (63),0.0,0.0,0.0,0.0,0.0
EU27+UK,Activity,"Tanning and dressing of leather; manufacture of luggage, handbags, saddlery, harness and footwear (19)",0.0,0.0,0.0,0.0,0.0
EU27+UK,Activity,Transmission of electricity,0.0,0.0,0.0,0.0,0.0
EU27+UK,Activity,Transport via pipelines,0.0,0.0,0.0,0.0,0.0
EU27+UK,Activity,Transport via railways,0.0,0.0,0.0,0.0,0.0
EU27+UK,Activity,"Waste water treatment, food",0.0,0.0,0.0,0.0,0.0
EU27+UK,Activity,"Waste water treatment, other",0.0,0.0,0.0,0.0,0.0
EU27+UK,Activity,"Wholesale trade and commission trade, except of motor vehicles and motorcycles (51)",0.0,0.0,0.0,0.0,0.0
EU27+UK,Activity,"Wool, silk-worm cocoons",0.0,0.0,0.0,0.0,0.0
RoW,Activity,Activities auxiliary to financial intermediation (67),0.0,0.0,0.0,0.0,0.0
RoW,Activity,Activities of membership organisation n.e.c. (91),0.0,0.0,0.0,0.0,0.0
RoW,Activity,Air transport (62),0.0,0.0,0.0,0.0,0.0
RoW,Activity,Aluminium production,0.0,0.0,0.0,0.0,0.0
RoW,Activity,Animal products nec,0.0,0.0,0.0,0.0,0.0
RoW,Activity,"Biogasification of food waste, incl. land application",0.0,0.0,0.0,0.0,0.0
RoW,Activity,"Biogasification of paper, incl. land application",0.0,0.0,0.0,0.0,0.0
RoW,Activity,"Biogasification of sewage slugde, incl. land application",0.0,0.0,0.0,0.0,0.0
RoW,Activity,Casting of metals,0.0,0.0,0.0,0.0,0.0
RoW,Activity,Cattle farming,0.0,0.0,0.0,0.0,0.0
RoW,Activity,Chemicals nec,3.689712284655837e-08,3.5351590303636535e-08,3.1655788452649895e-08,8.498908467985493e-09,4.314020323402243e-09
RoW,Activity,"Collection, purification and distribution of water (41)",0.0,0.0,0.0,0.0,0.0
RoW,Activity,"Composting of food waste, incl. land application",0.0,0.0,0.0,0.0,0.0
RoW,Activity,"Composting of paper and wood, incl. land application",0.0,0.0,0.0,0.0,0.0
RoW,Activity,Computer and related activities (72),0.0,0.0,0.0,0.0,0.0
RoW,Activity,Construction (45),0.0,0.0,0.0,0.0,0.0
RoW,Activity,Copper production,0.0,0.0,0.0,0.0,0.0
RoW,Activity,Cultivation of cereal grains nec,0.0,0.0,0.0,0.0,0.0
RoW,Activity,Cultivation of crops nec,3.007089612612725e-08,2.6027075998829513e-08,2.3299822677208724e-08,5.807915479095358e-09,4.257570275973914e-09
RoW,Activity,Cultivation of oil seeds,0.0,0.0,0.0,0.0,0.0
RoW,Activity,Cultivation of paddy rice,0.0,0.0,0.0,0.0,0.0
RoW,Activity,Cultivation of plant-based fibers,0.0,0.0,0.0,0.0,0.0
RoW,Activity,"Cultivation of sugar cane, sugar beet",0.0,0.0,0.0,0.0,0.0
RoW,Activity,"Cultivation of vegetables, fruit, nuts",0.0,0.0,0.0,0.0,0.0
RoW,Activity,Cultivation of wheat,0.0,0.0,0.0,0.0,0.0
RoW,Activity,Distribution and trade of electricity,0.0,0.0,0.0,0.0,0.0
RoW,Activity,Education (80),0.0,0.0,0.0,0.0,0.0
RoW,Activity,Extra-territorial organizations and bodies,0.0,0.0,0.0,0.0,0.0
RoW,Activity,"Extraction of crude petroleum and services related to crude oil extraction, excluding surveying",1.6360832713475095e-06,1.2473513997380508e-06,1.214574487630475e-06,1.0950387569682206e-06,4.261835568767331e-07
RoW,Activity,"Extraction of natural gas and services related to natural gas extraction, excluding surveying",2.444454432697495e-06,1.4031507355374802e-06,1.2271010529283393e-06,2.218969166335693e-06,1.2038972976374684e-06
RoW,Activity,"Extraction, liquefaction, and regasification of other petroleum and gaseous materials",1.960442495945088e-08,1.4744739849834277e-08,1.3979194052372904e-08,7.990524770520952e-09,3.744779356484702e-09
RoW,Activity,"Financial intermediation, except insurance and pension funding (65)",0.0,0.0,0.0,0.0,0.0
RoW,Activity,"Fishing, operating of fish hatcheries and fish farms; service activities incidental to fishing (05)",0.0,0.0,0.0,0.0,0.0
RoW,Activity,"Forestry, logging and related service activities (02)",2.1089874522460882e-08,1.2888510687707206e-08,1.087030812218926e-08,2.220844355325989e-09,1.482328155395283e-09
RoW,Activity,Health and social work (85),0.0,0.0,0.0,0.0,0.0
RoW,Activity,Hotels and restaurants (55),0.0,0.0,0.0,0.0,0.0
RoW,Activity,Incineration of waste: Food,1.7218631841374766e-10,1.291352615898909e-10,1.214463471585301e-10,3.546678982228459e-11,2.357825323492117e-11
RoW,Activity,Incineration of waste: Metals and Inert materials,7.104802876230757e-10,8.853129646900236e-10,9.859340150918896e-10,5.100089563968571e-10,2.0991616314091676e-10
RoW,Activity,Incineration of waste: Oil/Hazardous waste,5.707882115222604e-10,5.55952226274025e-10,5.068183691242932e-10,1.4804546765679815e-10,8.711132534531547e-11
RoW,Activity,Incineration of waste: Paper,1.548807342448529e-10,1.5066263037070552e-10,1.3695625345327384e-10,3.64203565993432e-11,2.3044264080841985e-11
RoW,Activity,Incineration of waste: Plastic,5.643224469140642e-10,5.32025361692659e-10,5.005508368705653e-10,1.6152353600028887e-10,1.0048209866005326e-10
RoW,Activity,Incineration of waste: Textiles,6.665825818856727e-10,6.617316071381e-10,5.994537613567206e-10,1.6505322430114073e-10,1.010721798790718e-10
RoW,Activity,Incineration of waste: Wood,6.017141268678796e-11,5.657866099044546e-11,5.134549047555157e-11,1.7769724238033874e-11,9.458862485368063e-12
RoW,Activity,Inland water transport,0.0,0.0,0.0,0.0,0.0
RoW,Activity,"Insurance and pension funding, except compulsory social security (66)",0.0,0.0,0.0,0.0,0.0
RoW,Activity,Landfill of waste: Food,0.0,0.0,0.0,0.0,0.0
RoW,Activity,Landfill of waste: Inert/metal/hazardous,0.0,0.0,0.0,0.0,0.0
RoW,Activity,Landfill of waste: Paper,0.0,0.0,0.0,0.0,0.0
RoW,Activity,Landfill of waste: Plastic,0.0,0.0,0.0,0.0,0.0
RoW,Activity,Landfill of waste: Textiles,0.0,0.0,0.0,0.0,0.0
RoW,Activity,Landfill of waste: Wood,0.0,0.0,0.0,0.0,0.0
RoW,Activity,"Lead, zinc and tin production",0.0,0.0,0.0,0.0,0.0
RoW,Activity,Manufacture of basic iron and steel and of ferro-alloys and first products thereof,1.2021921844902868e-08,2.806302304755121e-08,2.509614971000964e-08,3.0793436424939954e-09,1.8833247245116925e-09
RoW,Activity,Manufacture of beverages,0.0,0.0,0.0,0.0,0.0
RoW,Activity,"Manufacture of bricks, tiles and construction products, in baked clay",0.0,0.0,0.0,0.0,0.0
RoW,Activity,"Manufacture of cement, lime and plaster",0.0,0.0,0.0,0.0,0.0
RoW,Activity,Manufacture of ceramic goods,0.0,0.0,0.0,0.0,0.0
RoW,Activity,Manufacture of coke oven products,4.063899364617524e-08,5.086839363358589e-08,4.6047666649520854e-08,9.803805022300575e-09,5.460450194722075e-09
RoW,Activity,Manufacture of electrical machinery and apparatus n.e.c. (31),0.0,0.0,0.0,0.0,0.0
RoW,Activity,"Manufacture of fabricated metal products, except machinery and equipment (28)",0.0,0.0,0.0,0.0,0.0
RoW,Activity,Manufacture of fish products,0.0,0.0,0.0,0.0,0.0
RoW,Activity,Manufacture of furniture; manufacturing n.e.c. (36),0.0,0.0,0.0,0.0,0.0
RoW,Activity,Manufacture of gas; distribution of gaseous fuels through mains,2.8905897723290243e-09,1.5913489066071158e-09,1.4085618919106111e-09,3.906801592129428e-10,2.4025006034291535e-10
RoW,Activity,Manufacture of glass and glass products,0.0,0.0,0.0,0.0,0.0
RoW,Activity,Manufacture of machinery and equipment n.e.c. (29),0.0,0.0,0.0,0.0,0.0
RoW,Activity,"Manufacture of medical, precision and optical instruments, watches and clocks (33)",0.0,0.0,0.0,0.0,0.0
RoW,Activity,"Manufacture of motor vehicles, trailers and semi-trailers (34)",0.0,0.0,0.0,0.0,0.0
RoW,Activity,Manufacture of office machinery and computers (30),0.0,0.0,0.0,0.0,0.0
RoW,Activity,Manufacture of other non-metallic mineral products n.e.c.,0.0,0.0,0.0,0.0,0.0
RoW,Activity,Manufacture of other transport equipment (35),0.0,0.0,0.0,0.0,0.0
RoW,Activity,"Manufacture of radio, television and communication equipment and apparatus (32)",0.0,0.0,0.0,0.0,0.0
RoW,Activity,Manufacture of rubber and plastic products (25),0.0,0.0,0.0,0.0,0.0
RoW,Activity,Manufacture of textiles (17),0.0,0.0,0.0,0.0,0.0
RoW,Activity,Manufacture of tobacco products (16),0.0,0.0,0.0,0.0,0.0
RoW,Activity,Manufacture of wearing apparel; dressing and dyeing of fur (18),0.0,0.0,0.0,0.0,0.0
RoW,Activity,"Manufacture of wood and of products of wood and cork, except furniture; manufacture of articles of straw and plaiting materials (20)",1.1868554785487733e-11,8.682391197465714e-12,9.132708772466586e-12,1.8129216023036427e-12,1.3036519697716488e-12
RoW,Activity,"Manure treatment (biogas), storage and land application",0.0,0.0,0.0,0.0,0.0
RoW,Activity,"Manure treatment (conventional), storage and land application",0.0,0.0,0.0,0.0,0.0
RoW,Activity,Meat animals nec,0.0,0.0,0.0,0.0,0.0
RoW,Activity,Mining of aluminium ores and concentrates,0.0,0.0,0.0,0.0,0.0
RoW,Activity,"Mining of chemical and fertilizer minerals, production of salt, other mining and quarrying n.e.c.",0.0,0.0,0.0,0.0,0.0
RoW,Activity,Mining of coal and lignite; extraction of peat (10),2.050977690224527e-06,8.520851310457421e-07,7.294115073573631e-07,2.577912739229093e-07,1.1716894312866427e-07
RoW,Activity,Mining of copper ores and concentrates,0.0,0.0,0.0,0.0,0.0
RoW,Activity,Mining of iron ores,0.0,0.0,0.0,0.0,0.0
RoW,Activity,"Mining of lead, zinc and tin ores and concentrates",0.0,0.0,0.0,0.0,0.0
RoW,Activity,Mining of nickel ores and concentrates,0.0,0.0,0.0,0.0,0.0
RoW,Activity,Mining of other non-ferrous metal ores and concentrates,0.0,0.0,0.0,0.0,0.0
RoW,Activity,Mining of precious metal ores and concentrates,0.0,0.0,0.0,0.0,0.0
RoW,Activity,Mining of uranium and thorium ores (12),1.1341739144977654e-07,1.073022221651968e-07,9.530146462755643e-08,2.6397005184369942e-08,1.3916908985515492e-08
RoW,Activity,N-fertiliser,0.0,0.0,0.0,0.0,0.0
RoW,Activity,Other business activities (74),0.0,0.0,0.0,0.0,0.0
RoW,Activity,Other land transport,0.0,0.0,0.0,0.0,0.0
RoW,Activity,Other non-ferrous metal production,0.0,0.0,0.0,0.0,0.0
RoW,Activity,Other service activities (93),0.0,0.0,0.0,0.0,0.0
RoW,Activity,P- and other fertiliser,0.0,0.0,0.0,0.0,0.0
RoW,Activity,Paper,0.0,0.0,0.0,0.0,0.0
RoW,Activity,Petroleum Refinery,5.831707236843206e-07,4.41308045848351e-07,4.2722652862905966e-07,3.0569629436184485e-07,1.384829590549311e-07
RoW,Activity,Pigs farming,0.0,0.0,0.0,0.0,0.0
RoW,Activity,"Plastics, basic",5.989640279412273e-09,6.7901467727709625e-09,5.404441089709835e-09,1.1288443184117715e-09,8.242752923144251e-10
RoW,Activity,Post and telecommunications (64),0.0,0.0,0.0,0.0,0.0
RoW,Activity,Poultry farming,0.0,0.0,0.0,0.0,0.0
RoW,Activity,Precious metals production,0.0,0.0,0.0,0.0,0.0
RoW,Activity,Private households with employed persons (95),0.0,0.0,0.0,0.0,0.0
RoW,Activity,Processed rice,0.0,0.0,0.0,0.0,0.0
RoW,Activity,Processing of Food products nec,1.42522582702407e-08,1.1618193490264947e-08,1.04092528677345e-08,2.826035784051828e-09,1.987063374259898e-09
RoW,Activity,Processing of dairy products,0.0,0.0,0.0,0.0,0.0
RoW,Activity,Processing of meat cattle,0.0,0.0,0.0,0.0,0.0
RoW,Activity,Processing of meat pigs,0.0,0.0,0.0,0.0,0.0
RoW,Activity,Processing of meat poultry,0.0,0.0,0.0,0.0,0.0
RoW,Activity,Processing of nuclear fuel,7.365062985521613e-08,6.688317110082196e-08,5.0204117534115205e-08,9.62482772315615e-09,5.351880147447532e-09
RoW,Activity,Processing vegetable oils and fats,0.0,0.0,0.0,0.0,0.0
RoW,Activity,Production of electricity by Geothermal,3.5026281271506706e-09,9.011779733417888e-10,8.012022941164085e-10,2.2331727555318727e-10,1.3630968220505466e-10
RoW,Activity,Production of electricity by biomass and waste,2.0574023600816945e-09,4.062930946725277e-10,3.678532085354769e-10,9.691422862963306e-11,5.83987231204074e-11
RoW,Activity,Production of electricity by coal,2.0402387318157506e-07,3.135105951023398e-08,2.747950670461629e-08,7.2299124003626735e-09,4.521897412601073e-09
RoW,Activity,Production of electricity by gas,2.0570481946715893e-07,3.369791232869838e-08,2.980408886982243e-08,9.553516430210344e-09,5.745619469415355e-09
RoW,Activity,Production of electricity by hydro,1.5441733874732553e-07,3.148108095978659e-08,2.8656151798923604e-08,8.644293212577804e-09,6.5646719837956146e-09
RoW,Activity,Production of electricity by nuclear,2.8712919303483743e-08,9.685129825838722e-09,8.65631072888635e-09,2.1043080749560944e-09,1.3568987465710236e-09
RoW,Activity,Production of electricity by petroleum and other oil derivatives,3.598916739260922e-08,9.953085971631772e-09,8.852755032079344e-09,2.9360544585439235e-09,1.7334815109239469e-09
RoW,Activity,Production of electricity by solar photovoltaic,5.755502449613226e-08,2.181588085619386e-09,1.929726960293401e-09,5.573356620661805e-10,3.1758396081022337e-10
RoW,Activity,Production of electricity by solar thermal,3.619587731861142e-09,4.174449665698641e-12,3.5370871003602648e-12,8.504466154285069e-13,5.390891706575409e-13
RoW,Activity,"Production of electricity by tide, wave, ocean",3.901614064651005e-13,2.437398594407153e-13,2.0743424912087252e-13,5.128642021423488e-14,3.01089537506849e-14
RoW,Activity,Production of electricity by wind,3.019464687870944e-08,3.2162679532793003e-09,2.840569830842869e-09,1.0561673637935792e-09,5.897030859537286e-10
RoW,Activity,Production of electricity nec,8.293024358714553e-11,3.947101236450555e-11,3.444333606710928e-11,8.692441263803656e-12,5.193026547203175e-12
RoW,Activity,Production of meat products nec,0.0,0.0,0.0,0.0,0.0
RoW,Activity,Production of offshore wind plants,0.0,0.0,0.0,0.0,0.0
RoW,Activity,Production of onshore wind plants,0.0,0.0,0.0,0.0,0.0
RoW,Activity,Production of photovoltaic plants,0.0,0.0,0.0,0.0,0.0
RoW,Activity,Public administration and defence; compulsory social security (75),0.0,0.0,0.0,0.0,0.0
RoW,Activity,"Publishing, printing and reproduction of recorded media (22)",0.0,0.0,0.0,0.0,0.0
RoW,Activity,Pulp,6.749029139714003e-09,4.6376313896370026e-09,3.6536709199191764e-09,9.1744122363527e-10,5.573525988503725e-10
RoW,Activity,Quarrying of sand and clay,0.0,0.0,0.0,0.0,0.0
RoW,Activity,Quarrying of stone,0.0,0.0,0.0,0.0,0.0
RoW,Activity,Raw milk,0.0,0.0,0.0,0.0,0.0
RoW,Activity,Re-processing of ash into clinker,0.0,0.0,0.0,0.0,0.0
RoW,Activity,Re-processing of secondary aluminium into new aluminium,0.0,0.0,0.0,0.0,0.0
RoW,Activity,Re-processing of secondary construction material into aggregates,0.0,0.0,0.0,0.0,0.0
RoW,Activity,Re-processing of secondary copper into new copper,0.0,0.0,0.0,0.0,0.0
RoW,Activity,Re-processing of secondary glass into new glass,0.0,0.0,0.0,0.0,0.0
RoW,Activity,"Re-processing of secondary lead into new lead, zinc and tin",0.0,0.0,0.0,0.0,0.0
RoW,Activity,Re-processing of secondary other non-ferrous metals into new other non-ferrous metals,0.0,0.0,0.0,0.0,0.0
RoW,Activity,Re-processing of secondary paper into new pulp,1.4456320760177628e-09,9.106273124659641e-10,7.190600531090168e-10,1.8348213043949442e-10,1.1278470764948169e-10
RoW,Activity,Re-processing of secondary plastic into new plastic,0.0,0.0,0.0,0.0,0.0
RoW,Activity,Re-processing of secondary preciuos metals into new preciuos metals,0.0,0.0,0.0,0.0,0.0
RoW,Activity,Re-processing of secondary steel into new steel,0.0,0.0,0.0,0.0,0.0
RoW,Activity,Re-processing of secondary wood material into new wood material,9.065189861042385e-10,6.610207874100684e-10,6.985392247870926e-10,1.3790229615344947e-10,9.970279971472243e-11
RoW,Activity,Real estate activities (70),0.0,0.0,0.0,0.0,0.0
RoW,Activity,"Recreational, cultural and sporting activities (92)",0.0,0.0,0.0,0.0,0.0
RoW,Activity,Recycling of bottles by direct reuse,0.0,0.0,0.0,0.0,0.0
RoW,Activity,Recycling of waste and scrap,0.0,0.0,0.0,0.0,0.0
RoW,Activity,Renting of machinery and equipment without operator and of personal and household goods (71),0.0,0.0,0.0,0.0,0.0
RoW,Activity,Research and development (73),0.0,0.0,0.0,0.0,0.0
RoW,Activity,Retail sale of automotive fuel,0.0,0.0,0.0,0.0,0.0
RoW,Activity,"Retail trade, except of motor vehicles and motorcycles; repair of personal and household goods (52)",0.0,0.0,0.0,0.0,0.0
RoW,Activity,"Sale, maintenance, repair of motor vehicles, motor vehicles parts, motorcycles, motor cycles parts and accessoiries",0.0,0.0,0.0,0.0,0.0
RoW,Activity,Sea and coastal water transport,0.0,0.0,0.0,0.0,0.0
RoW,Activity,Steam and hot water supply,2.40556165910357e-08,2.191487882837281e-08,1.957019368802595e-08,6.435051462937997e-09,3.869489348736661e-09
RoW,Activity,Sugar refining,2.2780170692004215e-09,1.7314984407848676e-09,1.473886927959227e-09,3.8342737408297623e-10,2.6812094520684543e-10
RoW,Activity,Supporting and auxiliary transport activities; activities of travel agencies (63),0.0,0.0,0.0,0.0,0.0
RoW,Activity,"Tanning and dressing of leather; manufacture of luggage, handbags, saddlery, harness and footwear (19)",0.0,0.0,0.0,0.0,0.0
RoW,Activity,Transmission of electricity,0.0,0.0,0.0,0.0,0.0
RoW,Activity,Transport via pipelines,0.0,0.0,0.0,0.0,0.0
RoW,Activity,Transport via railways,0.0,0.0,0.0,0.0,0.0
RoW,Activity,"Waste water treatment, food",0.0,0.0,0.0,0.0,0.0
RoW,Activity,"Waste water treatment, other",0.0,0.0,0.0,0.0,0.0
RoW,Activity,"Wholesale trade and commission trade, except of motor vehicles and motorcycles (51)",0.0,0.0,0.0,0.0,0.0
RoW,Activity,"Wool, silk-worm cocoons",0.0,0.0,0.0,0.0,0.0
USA,Activity,Activities auxiliary to financial intermediation (67),0.0,0.0,0.0,0.0,0.0
USA,Activity,Activities of membership organisation n.e.c. (91),0.0,0.0,0.0,0.0,0.0
USA,Activity,Air transport (62),0.0,0.0,0.0,0.0,0.0
USA,Activity,Aluminium production,0.0,0.0,0.0,0.0,0.0
USA,Activity,Animal products nec,0.0,0.0,0.0,0.0,0.0
USA,Activity,"Biogasification of food waste, incl. land application",0.0,0.0,0.0,0.0,0.0
USA,Activity,"Biogasification of paper, incl. land application",0.0,0.0,0.0,0.0,0.0
USA,Activity,"Biogasification of sewage slugde, incl. land application",0.0,0.0,0.0,0.0,0.0
USA,Activity,Casting of metals,0.0,0.0,0.0,0.0,0.0
USA,Activity,Cattle farming,0.0,0.0,0.0,0.0,0.0
USA,Activity,Chemicals nec,3.2420515818447766e-08,1.295737868252563e-08,1.148128228557169e-08,3.130529592306102e-09,1.6102632000579144e-09
USA,Activity,"Collection, purification and distribution of water (41)",0.0,0.0,0.0,0.0,0.0
USA,Activity,"Composting of food waste, incl. land application",0.0,0.0,0.0,0.0,0.0
USA,Activity,"Composting of paper and wood, incl. land application",0.0,0.0,0.0,0.0,0.0
USA,Activity,Computer and related activities (72),0.0,0.0,0.0,0.0,0.0
USA,Activity,Construction (45),0.0,0.0,0.0,0.0,0.0
USA,Activity,Copper production,0.0,0.0,0.0,0.0,0.0
USA,Activity,Cultivation of cereal grains nec,0.0,0.0,0.0,0.0,0.0
USA,Activity,Cultivation of crops nec,2.1609231485063864e-11,9.69011946265104e-12,8.29072590128328e-12,2.120204812110765e-12,1.2465270581295786e-12
USA,Activity,Cultivation of oil seeds,0.0,0.0,0.0,0.0,0.0
USA,Activity,Cultivation of paddy rice,0.0,0.0,0.0,0.0,0.0
USA,Activity,Cultivation of plant-based fibers,0.0,0.0,0.0,0.0,0.0
USA,Activity,"Cultivation of sugar cane, sugar beet",0.0,0.0,0.0,0.0,0.0
USA,Activity,"Cultivation of vegetables, fruit, nuts",0.0,0.0,0.0,0.0,0.0
USA,Activity,Cultivation of wheat,0.0,0.0,0.0,0.0,0.0
USA,Activity,Distribution and trade of electricity,0.0,0.0,0.0,0.0,0.0
USA,Activity,Education (80),0.0,0.0,0.0,0.0,0.0
USA,Activity,Extra-territorial organizations and bodies,0.0,0.0,0.0,0.0,0.0
USA,Activity,"Extraction of crude petroleum and services related to crude oil extraction, excluding surveying",1.403871417463977e-07,9.23458418767758e-08,8.97007370330987e-08,8.024735446105719e-08,3.141119072938066e-08
USA,Activity,"Extraction of natural gas and services related to natural gas extraction, excluding surveying",5.5226274035629735e-08,3.320546320951715e-08,3.1331844200709415e-08,2.3172727996147305e-08,1.0461672137465527e-08
USA,Activity,"Extraction, liquefaction, and regasification of other petroleum and gaseous materials",1.7215688230353082e-10,3.9336846226959366e-11,3.7039448875307305e-11,1.782395087134495e-11,8.250877076313581e-12
USA,Activity,"Financial intermediation, except insurance and pension funding (65)",0.0,0.0,0.0,0.0,0.0
USA,Activity,"Fishing, operating of fish hatcheries and fish farms; service activities incidental to fishing (05)",0.0,0.0,0.0,0.0,0.0
USA,Activity,"Forestry, logging and related service activities (02)",1.902488692834312e-09,7.824033609626868e-10,7.029303887975216e-10,1.5132306470165542e-10,9.856607511500318e-11
USA,Activity,Health and social work (85),0.0,0.0,0.0,0.0,0.0
USA,Activity,Hotels and restaurants (55),0.0,0.0,0.0,0.0,0.0
USA,Activity,Incineration of waste: Food,1.6155964856104116e-10,8.214933976296283e-11,9.277120739259561e-11,2.757498969363379e-11,2.050471848196061e-11
USA,Activity,Incineration of waste: Metals and Inert materials,3.1033846653738436e-10,2.695177586497428e-10,3.477282032777345e-10,1.0786220881956959e-10,8.549571730975862e-11
USA,Activity,Incineration of waste: Oil/Hazardous waste,1.4684917529314634e-11,1.3185884263368202e-11,1.567275753980046e-11,6.164461966438513e-12,3.78424694961217e-12
USA,Activity,Incineration of waste: Paper,2.809825181048184e-10,2.0217432253118588e-10,1.838476652863352e-10,3.705563563005505e-11,2.3661556529562097e-11
USA,Activity,Incineration of waste: Plastic,4.1819255577503927e-10,1.572741202014083e-10,1.474578536639835e-10,4.1519874631722145e-11,2.54444153097513e-11
USA,Activity,Incineration of waste: Textiles,9.27837909305107e-11,6.417626060843177e-11,5.874878925140517e-11,1.307536503962258e-11,9.069483026495272e-12
USA,Activity,Incineration of waste: Wood,9.918551728714635e-11,4.60713862978587e-11,4.751183728219249e-11,3.1430863853851535e-11,1.2064542484321506e-11
USA,Activity,Inland water transport,0.0,0.0,0.0,0.0,0.0
USA,Activity,"Insurance and pension funding, except compulsory social security (66)",0.0,0.0,0.0,0.0,0.0
USA,Activity,Landfill of waste: Food,0.0,0.0,0.0,0.0,0.0
USA,Activity,Landfill of waste: Inert/metal/hazardous,0.0,0.0,0.0,0.0,0.0
USA,Activity,Landfill of waste: Paper,0.0,0.0,0.0,0.0,0.0
USA,Activity,Landfill of waste: Plastic,0.0,0.0,0.0,0.0,0.0
USA,Activity,Landfill of waste: Textiles,0.0,0.0,0.0,0.0,0.0
USA,Activity,Landfill of waste: Wood,0.0,0.0,0.0,0.0,0.0
USA,Activity,"Lead, zinc and tin production",0.0,0.0,0.0,0.0,0.0
USA,Activity,Manufacture of basic iron and steel and of ferro-alloys and first products thereof,8.166330648705473e-10,7.378511642214112e-10,6.412525374320858e-10,1.0181668068951533e-10,6.317345610545546e-11
USA,Activity,Manufacture of beverages,0.0,0.0,0.0,0.0,0.0
USA,Activity,"Manufacture of bricks, tiles and construction products, in baked clay",0.0,0.0,0.0,0.0,0.0
USA,Activity,"Manufacture of cement, lime and plaster",0.0,0.0,0.0,0.0,0.0
USA,Activity,Manufacture of ceramic goods,0.0,0.0,0.0,0.0,0.0
USA,Activity,Manufacture of coke oven products,2.9224247272048675e-09,2.8094986791650122e-09,2.4578058812095706e-09,5.128578437114465e-10,2.790531407017312e-10
USA,Activity,Manufacture of electrical machinery and apparatus n.e.c. (31),0.0,0.0,0.0,0.0,0.0
USA,Activity,"Manufacture of fabricated metal products, except machinery and equipment (28)",0.0,0.0,0.0,0.0,0.0
USA,Activity,Manufacture of fish products,0.0,0.0,0.0,0.0,0.0
USA,Activity,Manufacture of furniture; manufacturing n.e.c. (36),0.0,0.0,0.0,0.0,0.0
USA,Activity,Manufacture of gas; distribution of gaseous fuels through mains,3.073502143749386e-09,3.2037026151478377e-10,2.769160135347011e-10,7.697949551516855e-11,4.352293386574837e-11
USA,Activity,Manufacture of glass and glass products,0.0,0.0,0.0,0.0,0.0
USA,Activity,Manufacture of machinery and equipment n.e.c. (29),0.0,0.0,0.0,0.0,0.0
USA,Activity,"Manufacture of medical, precision and optical instruments, watches and clocks (33)",0.0,0.0,0.0,0.0,0.0
USA,Activity,"Manufacture of motor vehicles, trailers and semi-trailers (34)",0.0,0.0,0.0,0.0,0.0
USA,Activity,Manufacture of office machinery and computers (30),0.0,0.0,0.0,0.0,0.0
USA,Activity,Manufacture of other non-metallic mineral products n.e.c.,0.0,0.0,0.0,0.0,0.0
USA,Activity,Manufacture of other transport equipment (35),0.0,0.0,0.0,0.0,0.0
USA,Activity,"Manufacture of radio, television and communication equipment and apparatus (32)",0.0,0.0,0.0,0.0,0.0
USA,Activity,Manufacture of rubber and plastic products (25),0.0,0.0,0.0,0.0,0.0
USA,Activity,Manufacture of textiles (17),0.0,0.0,0.0,0.0,0.0
USA,Activity,Manufacture of tobacco products (16),0.0,0.0,0.0,0.0,0.0
USA,Activity,Manufacture of wearing apparel; dressing and dyeing of fur (18),0.0,0.0,0.0,0.0,0.0
USA,Activity,"Manufacture of wood and of products of wood and cork, except furniture; manufacture of articles of straw and plaiting materials (20)",0.0,0.0,0.0,0.0,0.0
USA,Activity,"Manure treatment (biogas), storage and land application",0.0,0.0,0.0,0.0,0.0
USA,Activity,"Manure treatment (conventional), storage and land application",0.0,0.0,0.0,0.0,0.0
USA,Activity,Meat animals nec,0.0,0.0,0.0,0.0,0.0
USA,Activity,Mining of aluminium ores and concentrates,0.0,0.0,0.0,0.0,0.0
USA,Activity,"Mining of chemical and fertilizer minerals, production of salt, other mining and quarrying n.e.c.",0.0,0.0,0.0,0.0,0.0
USA,Activity,Mining of coal and lignite; extraction of peat (10),1.0634392808319893e-06,1.1617026802519975e-07,1.1605809486674857e-07,4.6116534970660006e-08,2.7067345799383265e-08
USA,Activity,Mining of copper ores and concentrates,0.0,0.0,0.0,0.0,0.0
USA,Activity,Mining of iron ores,0.0,0.0,0.0,0.0,0.0
USA,Activity,"Mining of lead, zinc and tin ores and concentrates",0.0,0.0,0.0,0.0,0.0
USA,Activity,Mining of nickel ores and concentrates,0.0,0.0,0.0,0.0,0.0
USA,Activity,Mining of other non-ferrous metal ores and concentrates,0.0,0.0,0.0,0.0,0.0
USA,Activity,Mining of precious metal ores and concentrates,0.0,0.0,0.0,0.0,0.0
USA,Activity,Mining of uranium and thorium ores (12),1.1312662256693773e-08,5.889022827645727e-09,4.988760754362292e-09,1.1360820401507616e-09,6.16533893113533e-10
USA,Activity,N-fertiliser,0.0,0.0,0.0,0.0,0.0
USA,Activity,Other business activities (74),0.0,0.0,0.0,0.0,0.0
USA,Activity,Other land transport,0.0,0.0,0.0,0.0,0.0
USA,Activity,Other non-ferrous metal production,0.0,0.0,0.0,0.0,0.0
USA,Activity,Other service activities (93),0.0,0.0,0.0,0.0,0.0
USA,Activity,P- and other fertiliser,0.0,0.0,0.0,0.0,0.0
USA,Activity,Paper,0.0,0.0,0.0,0.0,0.0
USA,Activity,Petroleum Refinery,9.775500618636759e-08,4.9751061678238746e-08,4.793765459840169e-08,4.620149545077627e-08,1.858863666043441e-08
USA,Activity,Pigs farming,0.0,0.0,0.0,0.0,0.0
USA,Activity,"Plastics, basic",0.0,0.0,0.0,0.0,0.0
USA,Activity,Post and telecommunications (64),0.0,0.0,0.0,0.0,0.0
USA,Activity,Poultry farming,0.0,0.0,0.0,0.0,0.0
USA,Activity,Precious metals production,0.0,0.0,0.0,0.0,0.0
USA,Activity,Private households with employed persons (95),0.0,0.0,0.0,0.0,0.0
USA,Activity,Processed rice,0.0,0.0,0.0,0.0,0.0
USA,Activity,Processing of Food products nec,7.831206102665619e-10,4.1968839521045016e-10,3.665822028454405e-10,9.72405710958692e-11,6.16457098084133e-11
USA,Activity,Processing of dairy products,0.0,0.0,0.0,0.0,0.0
USA,Activity,Processing of meat cattle,0.0,0.0,0.0,0.0,0.0
USA,Activity,Processing of meat pigs,0.0,0.0,0.0,0.0,0.0
USA,Activity,Processing of meat poultry,0.0,0.0,0.0,0.0,0.0
USA,Activity,Processing of nuclear fuel,7.517694222660131e-08,7.283837966946156e-08,5.9456775966084466e-08,1.3249174483829298e-08,8.648254967759864e-09
USA,Activity,Processing vegetable oils and fats,0.0,0.0,0.0,0.0,0.0
USA,Activity,Production of electricity by Geothermal,1.1362975366377265e-08,5.4110985111981935e-11,4.775429995779486e-11,1.193122645552122e-11,7.7256204760314e-12
USA,Activity,Production of electricity by biomass and waste,1.4971308982819808e-08,9.455477577549684e-11,8.340419900414026e-11,2.1395077070377994e-11,1.3402116263469433e-11
USA,Activity,Production of electricity by coal,3.517500832122538e-07,5.110041929981151e-09,4.397398321783239e-09,1.0688298289807975e-09,6.623717708822386e-10
USA,Activity,Production of electricity by gas,9.739042856687282e-07,4.7211551964065615e-09,4.063972270210574e-09,9.964583178399316e-10,6.196581952701425e-10
USA,Activity,Production of electricity by hydro,1.3071802050019404e-07,8.600361821269891e-10,7.43869482802063e-10,1.8197852450981238e-10,1.1373358040760412e-10
USA,Activity,Production of electricity by nuclear,4.1868676400501757e-07,3.1411545622958767e-09,2.7025673705838507e-09,6.643426460870918e-10,4.13050292135964e-10
USA,Activity,Production of electricity by petroleum and other oil derivatives,7.336973491423504e-09,7.64849798889469e-11,6.757114347328137e-11,1.8073579176054252e-11,1.1110665997625076e-11
USA,Activity,Production of electricity by solar photovoltaic,6.668609022673974e-07,2.1074606645933535e-10,1.8613062664179395e-10,4.544986886237513e-11,2.9780089818191084e-11
USA,Activity,Production of electricity by solar thermal,1.060063790201454e-08,1.277434862373858e-11,1.1277275432988496e-11,2.8355170237493565e-12,1.831093655145045e-12
USA,Activity,"Production of electricity by tide, wave, ocean",0.0,0.0,0.0,0.0,0.0
USA,Activity,Production of electricity by wind,6.4508980543859e-07,1.0950192248224006e-09,9.399971021553127e-10,2.2349610585661565e-10,1.4014168091390983e-10
USA,Activity,Production of electricity nec,0.0,0.0,0.0,0.0,0.0
USA,Activity,Production of meat products nec,0.0,0.0,0.0,0.0,0.0
USA,Activity,Production of offshore wind plants,0.0,0.0,0.0,0.0,0.0
USA,Activity,Production of onshore wind plants,0.0,0.0,0.0,0.0,0.0
USA,Activity,Production of photovoltaic plants,0.0,0.0,0.0,0.0,0.0
USA,Activity,Public administration and defence; compulsory social security (75),0.0,0.0,0.0,0.0,0.0
USA,Activity,"Publishing, printing and reproduction of recorded media (22)",0.0,0.0,0.0,0.0,0.0
USA,Activity,Pulp,2.410115424001813e-10,1.451336191116006e-10,1.1293842955086445e-10,2.8447412389512738e-11,1.6437124820283795e-11
USA,Activity,Quarrying of sand and clay,0.0,0.0,0.0,0.0,0.0
USA,Activity,Quarrying of stone,0.0,0.0,0.0,0.0,0.0
USA,Activity,Raw milk,0.0,0.0,0.0,0.0,0.0
USA,Activity,Re-processing of ash into clinker,0.0,0.0,0.0,0.0,0.0
USA,Activity,Re-processing of secondary aluminium into new aluminium,0.0,0.0,0.0,0.0,0.0
USA,Activity,Re-processing of secondary construction material into aggregates,0.0,0.0,0.0,0.0,0.0
USA,Activity,Re-processing of secondary copper into new copper,0.0,0.0,0.0,0.0,0.0
USA,Activity,Re-processing of secondary glass into new glass,0.0,0.0,0.0,0.0,0.0
USA,Activity,"Re-processing of secondary lead into new lead, zinc and tin",0.0,0.0,0.0,0.0,0.0
USA,Activity,Re-processing of secondary other non-ferrous metals into new other non-ferrous metals,0.0,0.0,0.0,0.0,0.0
USA,Activity,Re-processing of secondary paper into new pulp,0.0,0.0,0.0,0.0,0.0
USA,Activity,Re-processing of secondary plastic into new plastic,0.0,0.0,0.0,0.0,0.0
USA,Activity,Re-processing of secondary preciuos metals into new preciuos metals,0.0,0.0,0.0,0.0,0.0
USA,Activity,Re-processing of secondary steel into new steel,0.0,0.0,0.0,0.0,0.0
USA,Activity,Re-processing of secondary wood material into new wood material,0.0,0.0,0.0,0.0,0.0
USA,Activity,Real estate activities (70),0.0,0.0,0.0,0.0,0.0
USA,Activity,"Recreational, cultural and sporting activities (92)",0.0,0.0,0.0,0.0,0.0
USA,Activity,Recycling of bottles by direct reuse,0.0,0.0,0.0,0.0,0.0
USA,Activity,Recycling of waste and scrap,0.0,0.0,0.0,0.0,0.0
USA,Activity,Renting of machinery and equipment without operator and of personal and household goods (71),0.0,0.0,0.0,0.0,0.0
USA,Activity,Research and development (73),0.0,0.0,0.0,0.0,0.0
USA,Activity,Retail sale of automotive fuel,0.0,0.0,0.0,0.0,0.0
USA,Activity,"Retail trade, except of motor vehicles and motorcycles; repair of personal and household goods (52)",0.0,0.0,0.0,0.0,0.0
USA,Activity,"Sale, maintenance, repair of motor vehicles, motor vehicles parts, motorcycles, motor cycles parts and accessoiries",0.0,0.0,0.0,0.0,0.0
USA,Activity,Sea and coastal water transport,0.0,0.0,0.0,0.0,0.0
USA,Activity,Steam and hot water supply,4.572820726840135e-09,1.476941085232667e-09,1.3266304398553744e-09,4.0643886622093973e-10,2.456699430818919e-10
USA,Activity,Sugar refining,2.384895236270215e-12,1.5519104022275138e-12,1.383492760393132e-12,3.654387491734733e-13,2.9896312121691734e-13
USA,Activity,Supporting and auxiliary transport activities; activities of travel agencies (63),0.0,0.0,0.0,0.0,0.0
USA,Activity,"Tanning and dressing of leather; manufacture of luggage, handbags, saddlery, harness and footwear (19)",0.0,0.0,0.0,0.0,0.0
USA,Activity,Transmission of electricity,0.0,0.0,0.0,0.0,0.0
USA,Activity,Transport via pipelines,0.0,0.0,0.0,0.0,0.0
USA,Activity,Transport via railways,0.0,0.0,0.0,0.0,0.0
USA,Activity,"Waste water treatment, food",0.0,0.0,0.0,0.0,0.0
USA,Activity,"Waste water treatment, other",0.0,0.0,0.0,0.0,0.0
USA,Activity,"Wholesale trade and commission trade, except of motor vehicles and motorcycles (51)",0.0,0.0,0.0,0.0,0.0
USA,Activity,"Wool, silk-worm cocoons",0.0,0.0,0.0,0.0,0.0
